track_name,artist_name,lyrics
The Less I Know The Better,Tame Impala,Lyrics not found
FE!N (feat. Playboi Carti),Travis Scott,Lyrics not found
Karma Police,Radiohead,Lyrics not found
Hacker,Death Grips,Lyrics not found
No Surprises,Radiohead,Lyrics not found
Like That,Future,Lyrics not found
Creep,Radiohead,Lyrics not found
How to Disappear Completely,Radiohead,Lyrics not found
My Love Mine All Mine,Mitski,Lyrics not found
Nightcrawler (feat. Swae Lee & Chief Keef),Travis Scott,Lyrics not found
Too Many Nights (feat. Don Toliver & with Future),Metro Boomin,Lyrics not found
Eventually,Tame Impala,Lyrics not found
Let It Happen,Tame Impala,Lyrics not found
Runaway,Kanye West,Lyrics not found
PRIDE.,Kendrick Lamar,Lyrics not found
Static,Steve Lacy,Lyrics not found
"GONE, GONE / THANK YOU","Tyler, The Creator",Lyrics not found
Runaway,Kanye West,Lyrics not found
I Wonder,Kanye West,Lyrics not found
Flashing Lights,Kanye West,Lyrics not found
Father Stretch My Hands Pt. 1,Kanye West,Lyrics not found
Devil In A New Dress,Kanye West,Lyrics not found
Violent Crimes,Kanye West,Lyrics not found
90210 (feat. Kacy Hill),Travis Scott,Lyrics not found
Bound 2,Kanye West,Lyrics not found
NEW MAGIC WAND,"Tyler, The Creator",Lyrics not found
RUNNING OUT OF TIME,"Tyler, The Creator",Lyrics not found
Pink + White,Frank Ocean,Lyrics not found
Count Me Out,Kendrick Lamar,Lyrics not found
Everything I Am,Kanye West,Lyrics not found
DUCKWORTH.,Kendrick Lamar,Lyrics not found
SWEET / I THOUGHT YOU WANTED TO DANCE (feat. Brent Faiyaz & Fana Hues),"Tyler, The Creator",Lyrics not found
Answer,"Tyler, The Creator",Lyrics not found
Rapp Snitch Knishes feat. Mr. Fantastik,MF DOOM,Lyrics not found
sdp interlude,Travis Scott,Lyrics not found
"New Person, Same Old Mistakes",Tame Impala,Lyrics not found
SKELETONS,Travis Scott,Lyrics not found
Love Is Only a Feeling,Joey Bada$$,Lyrics not found
IFHY (feat. Pharrell),"Tyler, The Creator",Lyrics not found
4:44,JAY-Z,Lyrics not found
For the First Time,Mac DeMarco,Lyrics not found
Sundress,A$AP Rocky,Lyrics not found
Pyramids,Frank Ocean,Lyrics not found
Jukebox Joints (feat. Joe Fox & Kanye West),A$AP Rocky,Lyrics not found
Hoe Cakes,MF DOOM,Lyrics not found
C U Girl,Steve Lacy,Lyrics not found
A BOY IS A GUN*,"Tyler, The Creator",Lyrics not found
No More Parties In LA,Kanye West,Lyrics not found
I THINK,"Tyler, The Creator",Lyrics not found
On Sight,Kanye West,Lyrics not found
